<core:FragmentDefinition 
xmlns="sap.m" 
    xmlns:core="sap.ui.core" 
    xmlns:c="sap.ui.core" 
    xmlns:l="sap.ui.layout" 
    xmlns:f="sap.ui.layout.form"
    xmlns:ui="sap.ui" 
    xmlns:app="http://schemas.sap.com/sapui5/extension/sap.ui.core.CustomData/1"
	controllerName="org.ubb.books.controller.BookList.controller">

	
<Dialog id="id1">
	<Table id="idBorrowedBooksTable"
		items="{/Borrowed_BooksSet}"
		growing="true"
		growingThreshold="10"
		mode="SingleSelectLeft">
		
		<headerToolbar>
		
		<Toolbar>
		
			<content>
				<Button
		 			text="EXIT"
            		press="onCheckoutCancel"/>
			</content> 
		</Toolbar>
		</headerToolbar>
	
		<columns>
			<Column>
				<Text text="ISBN" />
			</Column>

            <Column>
				<Text text="First Name" />
			</Column>
			<Column>
				<Text text="Last Name" />
			</Column> 
            	<Column>
				<Text text="Username" />
			</Column>
            <!-- <Column>
				<Text text="Title" />
			</Column>
			<Column>
				<Text text="Author" />
			</Column> -->
			<Column>
				<Text text="Checkout date" />
			</Column>
			<Column>
				<Text text="Return date" />
			</Column>
         	
			
		</columns>
		<items>
			<ColumnListItem>
				<cells>
                    <Text text="{ISBN}" />
					<Text text="{FIRST_NAME}" />
					<Text text="{LAST_NAME}" />
                    <Text text="{USERNAME}" />
					<!-- <Text text="{Title}" />
					<Text text="{Author}" /> -->
					<Text text="{ 
							path: 'DATE_OF_CHECKOUT',
							type: 'sap.ui.model.type.Date'
               			}" 
					/>
					<Text text="{ 
							path: 'DATE_OF_RETURN',
							type: 'sap.ui.model.type.Date'
               			}" 
					/>
				
				</cells>
			</ColumnListItem>
		</items>
	</Table>
	</Dialog>
</core:FragmentDefinition>
